review,date,category_hint,sku
Customer support solved my issue quickly. Thankfully this seems to be improving.,11/30/2025,support,SUP-006
The device stopped working unexpectedly. This needs improvement.,9/2/2025,quality,QUA-027
Support response time is painfully slow. Thankfully this seems to be improving.,11/10/2025,support,SUP-003
Value for money has dropped significantly. I hope this gets fixed soon.,7/14/2025,pricing,PRI-023
Product durability is terrible now. I hope this gets fixed soon.,12/21/2025,quality,QUA-011
Pricing finally feels more reasonable. Recently this has become more noticeable.,12/27/2025,pricing,PRI-009
Customer support solved my issue quickly. This needs improvement.,8/31/2025,support,SUP-017
The latest product version feels durable. This needs improvement.,9/23/2025,quality,QUA-020
Recent discounts provided great value. I hope this gets fixed soon.,10/12/2025,pricing,PRI-009
Customer support never responded to my complaint. This needs improvement.,10/6/2025,support,SUP-021
Shipping updates are now accurate and helpful.,7/13/2025,delivery,DEL-025
The helpdesk ignored my issue completely. This needs improvement.,12/2/2025,support,SUP-014
Recent pricing changes are disappointing.,7/30/2025,pricing,PRI-010
Customer service kept transferring my request. Overall the experience was disappointing.,12/2/2025,support,SUP-033
Build quality has declined badly. I hope this gets fixed soon.,10/6/2025,quality,QUA-023
The item feels poorly manufactured. Overall the experience was disappointing.,10/7/2025,quality,QUA-001
Support staff were professional and efficient. Overall the experience was disappointing.,11/12/2025,support,SUP-008
Customer service was frustrating to deal with. Compared to last month this feels worse.,8/26/2025,support,SUP-035
No resolution was provided by support staff. This needs improvement.,10/27/2025,support,SUP-017
The helpdesk ignored my issue completely. Recently this has become more noticeable.,8/5/2025,support,SUP-017
The product broke after only two days. This needs improvement.,12/12/2025,quality,QUA-025
Components failed after light usage. This needs improvement.,8/17/2025,quality,QUA-004
Build quality has declined badly. Thankfully this seems to be improving.,8/21/2025,quality,QUA-039
Build quality has declined badly. I hope this gets fixed soon.,10/15/2025,quality,QUA-030
Hidden fees are making this frustrating.,11/19/2025,pricing,PRI-027
The product feels unreliable and fragile. Compared to last month this feels worse.,8/16/2025,quality,QUA-011
Pricing finally feels more reasonable. Thankfully this seems to be improving.,8/1/2025,pricing,PRI-020
Support experience keeps getting worse. Thankfully this seems to be improving.,12/26/2025,support,SUP-019
Recent updates improved delivery speed a lot.,12/8/2025,delivery,DEL-016
Support team was rude and dismissive. Thankfully this seems to be improving.,11/3/2025,support,SUP-021
Customer support never responded to my complaint. Overall the experience was disappointing.,7/27/2025,support,SUP-022
Package arrived broken due to poor shipping.,11/16/2025,delivery,DEL-004
Customer service was frustrating to deal with. Overall the experience was disappointing.,9/10/2025,support,SUP-026
Delivery arrived earlier than expected.,12/14/2025,delivery,DEL-037
Pricing is competitive again. Overall the experience was disappointing.,11/6/2025,pricing,PRI-034
Quality control seems nonexistent recently. Recently this has become more noticeable.,11/27/2025,quality,QUA-028
The subscription cost is no longer justified. I hope this gets fixed soon.,11/25/2025,pricing,PRI-009
The helpdesk ignored my issue completely. Compared to last month this feels worse.,7/21/2025,support,SUP-003
Pricing is competitive again. Thankfully this seems to be improving.,11/13/2025,pricing,PRI-013
Build quality feels premium again. Compared to last month this feels worse.,11/20/2025,quality,QUA-032
Delivery delays are unacceptable now. Thankfully this seems to be improving.,7/28/2025,delivery,DEL-016
The product is overpriced for its quality.,11/30/2025,pricing,PRI-028
Delivery delays are getting worse every week. Recently this has become more noticeable.,8/10/2025,delivery,DEL-040
Recent discounts provided great value. I hope this gets fixed soon.,9/19/2025,pricing,PRI-036
Build quality feels premium again.,9/12/2025,quality,QUA-039
Recent updates improved delivery speed a lot. Thankfully this seems to be improving.,7/7/2025,delivery,DEL-009
Product durability is terrible now. Recently this has become more noticeable.,7/1/2025,quality,QUA-001
Support staff were professional and efficient.,7/22/2025,support,SUP-018
Customer service kept transferring my request. Compared to last month this feels worse.,12/7/2025,support,SUP-039
No resolution was provided by support staff. This needs improvement.,7/21/2025,support,SUP-026
Pricing feels unfair and misleading. Thankfully this seems to be improving.,11/3/2025,pricing,PRI-032
Customer service kept transferring my request. I hope this gets fixed soon.,8/31/2025,support,SUP-004
Build quality feels premium again. This needs improvement.,12/14/2025,quality,QUA-027
The product broke after only two days.,11/13/2025,quality,QUA-018
Recent discounts provided great value. I hope this gets fixed soon.,10/18/2025,pricing,PRI-038
Recent pricing changes are disappointing. Recently this has become more noticeable.,10/25/2025,pricing,PRI-001
Value for money has dropped significantly. This needs improvement.,10/19/2025,pricing,PRI-039
Delivery delays are unacceptable now.,11/19/2025,delivery,DEL-019
The device stopped working unexpectedly. Thankfully this seems to be improving.,10/14/2025,quality,QUA-003
Build quality has declined badly.,7/26/2025,quality,QUA-022
Package arrived damaged and very late. Overall the experience was disappointing.,7/25/2025,delivery,DEL-024
Support team was rude and dismissive. Overall the experience was disappointing.,11/18/2025,support,SUP-007
The product feels unreliable and fragile. Compared to last month this feels worse.,12/28/2025,quality,QUA-004
Recent updates improved delivery speed a lot. I hope this gets fixed soon.,8/31/2025,delivery,DEL-011
Late delivery ruined the experience completely. Overall the experience was disappointing.,10/1/2025,delivery,DEL-018
The helpdesk ignored my issue completely.,12/15/2025,support,SUP-024
The item feels poorly manufactured. Compared to last month this feels worse.,11/3/2025,quality,QUA-027
The discounts disappeared and costs are higher. Thankfully this seems to be improving.,9/5/2025,pricing,PRI-006
The product feels unreliable and fragile. I hope this gets fixed soon.,7/26/2025,quality,QUA-005
Support staff were professional and efficient.,10/11/2025,support,SUP-029
Value for money has dropped significantly. Overall the experience was disappointing.,10/22/2025,pricing,PRI-014
Support team was rude and dismissive. I hope this gets fixed soon.,11/28/2025,support,SUP-016
Shipping was delayed again without updates. Thankfully this seems to be improving.,9/19/2025,delivery,DEL-002
Material quality feels extremely cheap now. Overall the experience was disappointing.,9/11/2025,quality,QUA-020
Components failed after light usage. Recently this has become more noticeable.,10/14/2025,quality,QUA-022
Recent pricing changes are disappointing. I hope this gets fixed soon.,11/13/2025,pricing,PRI-019
Tracking system was inaccurate and confusing. This needs improvement.,10/26/2025,delivery,DEL-040
Hidden fees are making this frustrating. Thankfully this seems to be improving.,12/3/2025,pricing,PRI-028
Quality control seems nonexistent recently.,7/20/2025,quality,QUA-018
The subscription cost is no longer justified.,8/16/2025,pricing,PRI-010
Customer service kept transferring my request. Compared to last month this feels worse.,9/21/2025,support,SUP-016
Delivery times are becoming a serious issue.,10/16/2025,delivery,DEL-038
Customer service experience was excellent. I hope this gets fixed soon.,7/1/2025,support,SUP-018
Pricing feels unfair and misleading. Recently this has become more noticeable.,12/19/2025,pricing,PRI-021
Support agents lacked product knowledge. I hope this gets fixed soon.,7/15/2025,support,SUP-001
Customer support solved my issue quickly. Compared to last month this feels worse.,10/18/2025,support,SUP-036
Prices increased too much this month. Thankfully this seems to be improving.,9/20/2025,pricing,PRI-034
Support agents lacked product knowledge. Thankfully this seems to be improving.,11/23/2025,support,SUP-027
Shipping support gave no useful information. Recently this has become more noticeable.,12/11/2025,delivery,DEL-026
Customer service experience was excellent. I hope this gets fixed soon.,10/26/2025,support,SUP-024
Package arrived damaged and very late.,9/4/2025,delivery,DEL-014
Value for money has dropped significantly. Recently this has become more noticeable.,8/6/2025,pricing,PRI-007
Quality issues are becoming common. Compared to last month this feels worse.,10/1/2025,quality,QUA-005
Build quality has declined badly. Overall the experience was disappointing.,11/15/2025,quality,QUA-031
Hidden fees are making this frustrating. Thankfully this seems to be improving.,7/15/2025,pricing,PRI-015
Prices increased too much this month. This needs improvement.,8/20/2025,pricing,PRI-036
Shipping updates are now accurate and helpful. Recently this has become more noticeable.,9/30/2025,delivery,DEL-026
The product broke after only two days. Recently this has become more noticeable.,9/24/2025,quality,QUA-027
Shipping support gave no useful information.,8/17/2025,delivery,DEL-005
The device stopped working unexpectedly.,7/7/2025,quality,QUA-014
Delivery delays are getting worse every week. I hope this gets fixed soon.,7/18/2025,delivery,DEL-001
Delivery arrived earlier than expected. Compared to last month this feels worse.,12/13/2025,delivery,DEL-022
Support team was rude and dismissive. Recently this has become more noticeable.,12/26/2025,support,SUP-004
Prices increased too much this month. Thankfully this seems to be improving.,10/10/2025,pricing,PRI-001
Customer service was frustrating to deal with.,11/1/2025,support,SUP-007
Customer support solved my issue quickly. Compared to last month this feels worse.,10/19/2025,support,SUP-026
Support agents lacked product knowledge. Recently this has become more noticeable.,9/4/2025,support,SUP-014
Package arrived damaged and very late. Thankfully this seems to be improving.,12/16/2025,delivery,DEL-015
Support response time is painfully slow. Compared to last month this feels worse.,11/1/2025,support,SUP-018
Recent pricing changes are disappointing. Compared to last month this feels worse.,7/26/2025,pricing,PRI-034
Shipping support gave no useful information. Overall the experience was disappointing.,12/20/2025,delivery,DEL-020
Delivery delays are getting worse every week. Overall the experience was disappointing.,11/24/2025,delivery,DEL-036
Support staff were professional and efficient. Compared to last month this feels worse.,11/21/2025,support,SUP-025
Tracking system was inaccurate and confusing. This needs improvement.,7/27/2025,delivery,DEL-005
Pricing is competitive again. I hope this gets fixed soon.,10/13/2025,pricing,PRI-040
The product quality has improved noticeably. I hope this gets fixed soon.,9/27/2025,quality,QUA-009
Support experience keeps getting worse.,8/10/2025,support,SUP-001
The product feels unreliable and fragile. I hope this gets fixed soon.,12/18/2025,quality,QUA-027
Recent updates improved delivery speed a lot. Compared to last month this feels worse.,11/16/2025,delivery,DEL-009
Product durability is terrible now. Compared to last month this feels worse.,9/4/2025,quality,QUA-024
Quality issues are becoming common. This needs improvement.,10/14/2025,quality,QUA-004
Hidden fees are making this frustrating. Recently this has become more noticeable.,8/1/2025,pricing,PRI-013
Shipping support gave no useful information.,10/1/2025,delivery,DEL-021
Pricing strategy is hurting customer trust. Recently this has become more noticeable.,12/13/2025,pricing,PRI-005
No resolution was provided by support staff. I hope this gets fixed soon.,8/6/2025,support,SUP-015
No resolution was provided by support staff. Recently this has become more noticeable.,9/24/2025,support,SUP-020
Recent pricing changes are disappointing. Overall the experience was disappointing.,11/22/2025,pricing,PRI-016
Value for money has dropped significantly.,12/24/2025,pricing,PRI-004
The product is overpriced for its quality. Overall the experience was disappointing.,7/13/2025,pricing,PRI-011
Support staff were professional and efficient. Overall the experience was disappointing.,12/11/2025,support,SUP-032
The item feels poorly manufactured. Recently this has become more noticeable.,12/22/2025,quality,QUA-038
The product broke after only two days. Recently this has become more noticeable.,9/9/2025,quality,QUA-026
The product feels unreliable and fragile. Compared to last month this feels worse.,8/9/2025,quality,QUA-027
Value for money has dropped significantly. Compared to last month this feels worse.,8/9/2025,pricing,PRI-003
Delivery delays are unacceptable now. This needs improvement.,7/1/2025,delivery,DEL-014
Recent updates improved delivery speed a lot. I hope this gets fixed soon.,7/4/2025,delivery,DEL-006
Quality issues are becoming common. Overall the experience was disappointing.,8/10/2025,quality,QUA-031
Support agents lacked product knowledge. Recently this has become more noticeable.,12/1/2025,support,SUP-033
Material quality feels extremely cheap now. Thankfully this seems to be improving.,7/13/2025,quality,QUA-008
Delivery experience was frustrating and unreliable. This needs improvement.,9/11/2025,delivery,DEL-011
Customer service quality is unacceptable. Recently this has become more noticeable.,7/2/2025,support,SUP-005
Too expensive compared to competitors now. Compared to last month this feels worse.,8/18/2025,pricing,PRI-040
Customer service experience was excellent. Recently this has become more noticeable.,11/15/2025,support,SUP-021
Package arrived broken due to poor shipping. Overall the experience was disappointing.,10/1/2025,delivery,DEL-033
Customer service kept transferring my request. Recently this has become more noticeable.,9/26/2025,support,SUP-027
Delivery delays are getting worse every week. Compared to last month this feels worse.,7/30/2025,delivery,DEL-027
Support staff were professional and efficient.,9/28/2025,support,SUP-017
Recent discounts provided great value. This needs improvement.,7/6/2025,pricing,PRI-026
Pricing finally feels more reasonable. This needs improvement.,9/15/2025,pricing,PRI-016
Build quality has declined badly. Recently this has become more noticeable.,10/6/2025,quality,QUA-035
Customer service experience was excellent. Overall the experience was disappointing.,12/9/2025,support,SUP-012
Pricing feels unfair and misleading. I hope this gets fixed soon.,12/27/2025,pricing,PRI-018
Recent discounts provided great value.,9/29/2025,pricing,PRI-036
Build quality feels premium again. Compared to last month this feels worse.,10/31/2025,quality,QUA-034
Late delivery ruined the experience completely. Compared to last month this feels worse.,9/19/2025,delivery,DEL-001
Customer service was frustrating to deal with. I hope this gets fixed soon.,9/12/2025,support,SUP-005
Shipping updates are now accurate and helpful. I hope this gets fixed soon.,8/25/2025,delivery,DEL-025
Support experience keeps getting worse. Compared to last month this feels worse.,10/22/2025,support,SUP-001
Support response time is painfully slow. This needs improvement.,8/25/2025,support,SUP-004
The product quality has improved noticeably. This needs improvement.,11/7/2025,quality,QUA-020
The product is overpriced for its quality.,10/20/2025,pricing,PRI-015
Support team was rude and dismissive. Overall the experience was disappointing.,7/27/2025,support,SUP-009
The subscription cost is no longer justified. Recently this has become more noticeable.,10/26/2025,pricing,PRI-008
Pricing finally feels more reasonable. Thankfully this seems to be improving.,11/3/2025,pricing,PRI-034
No resolution was provided by support staff. I hope this gets fixed soon.,11/19/2025,support,SUP-023
Hidden fees are making this frustrating. Thankfully this seems to be improving.,7/11/2025,pricing,PRI-029
Pricing finally feels more reasonable.,10/14/2025,pricing,PRI-023
Package arrived damaged and very late. Compared to last month this feels worse.,10/26/2025,delivery,DEL-002
Components failed after light usage. I hope this gets fixed soon.,10/22/2025,quality,QUA-027
Components failed after light usage. This needs improvement.,8/10/2025,quality,QUA-024
Customer service kept transferring my request. Recently this has become more noticeable.,7/20/2025,support,SUP-019
Build quality has declined badly. Overall the experience was disappointing.,12/24/2025,quality,QUA-014
Prices increased too much this month. Thankfully this seems to be improving.,8/30/2025,pricing,PRI-020
The device stopped working unexpectedly. Compared to last month this feels worse.,12/28/2025,quality,QUA-024
Too expensive compared to competitors now. This needs improvement.,9/12/2025,pricing,PRI-014
Recent updates improved delivery speed a lot. This needs improvement.,12/6/2025,delivery,DEL-009
Pricing is competitive again.,10/28/2025,pricing,PRI-005
Recent updates improved delivery speed a lot. Recently this has become more noticeable.,10/29/2025,delivery,DEL-002
Too expensive compared to competitors now. Compared to last month this feels worse.,11/28/2025,pricing,PRI-012
Shipping was delayed again without updates. Thankfully this seems to be improving.,10/14/2025,delivery,DEL-004
Customer support never responded to my complaint. Compared to last month this feels worse.,11/13/2025,support,SUP-015
The product is overpriced for its quality. Overall the experience was disappointing.,9/6/2025,pricing,PRI-023
Delivery delays are unacceptable now. I hope this gets fixed soon.,10/4/2025,delivery,DEL-016
Material quality feels extremely cheap now. I hope this gets fixed soon.,10/23/2025,quality,QUA-004
Hidden fees are making this frustrating. Overall the experience was disappointing.,7/4/2025,pricing,PRI-040
No resolution was provided by support staff. This needs improvement.,9/25/2025,support,SUP-025
Pricing feels unfair and misleading. Compared to last month this feels worse.,12/26/2025,pricing,PRI-026
Support staff were professional and efficient. Overall the experience was disappointing.,7/12/2025,support,SUP-027
Customer support solved my issue quickly. Thankfully this seems to be improving.,9/25/2025,support,SUP-034
Prices increased too much this month. Recently this has become more noticeable.,11/13/2025,pricing,PRI-016
Customer service was frustrating to deal with. This needs improvement.,7/13/2025,support,SUP-033
The product quality has improved noticeably. This needs improvement.,7/24/2025,quality,QUA-035
Support experience keeps getting worse. Overall the experience was disappointing.,10/16/2025,support,SUP-039
Material quality feels extremely cheap now. Overall the experience was disappointing.,9/28/2025,quality,QUA-027
Hidden fees are making this frustrating. Compared to last month this feels worse.,9/8/2025,pricing,PRI-027
Support staff were professional and efficient. Overall the experience was disappointing.,9/28/2025,support,SUP-029
Shipping support gave no useful information. I hope this gets fixed soon.,8/19/2025,delivery,DEL-023
Value for money has dropped significantly. Compared to last month this feels worse.,11/2/2025,pricing,PRI-008
Recent pricing changes are disappointing. This needs improvement.,11/1/2025,pricing,PRI-005
Quality control seems nonexistent recently. Thankfully this seems to be improving.,7/14/2025,quality,QUA-006
Pricing is competitive again. Compared to last month this feels worse.,9/26/2025,pricing,PRI-008
Prices increased too much this month. Recently this has become more noticeable.,11/15/2025,pricing,PRI-026
The product quality has improved noticeably.,12/28/2025,quality,QUA-007
Recent pricing changes are disappointing. Compared to last month this feels worse.,12/2/2025,pricing,PRI-039
Quality issues are becoming common. Compared to last month this feels worse.,10/30/2025,quality,QUA-037
Tracking system was inaccurate and confusing. I hope this gets fixed soon.,12/5/2025,delivery,DEL-039
Recent discounts provided great value. Overall the experience was disappointing.,9/8/2025,pricing,PRI-020
Pricing strategy is hurting customer trust. I hope this gets fixed soon.,12/27/2025,pricing,PRI-009
Customer support never responded to my complaint.,10/14/2025,support,SUP-022
Build quality has declined badly.,10/1/2025,quality,QUA-001
Delivery times are becoming a serious issue. Recently this has become more noticeable.,11/26/2025,delivery,DEL-039
Delivery experience was frustrating and unreliable. Recently this has become more noticeable.,7/6/2025,delivery,DEL-040
Package arrived damaged and very late. Thankfully this seems to be improving.,11/24/2025,delivery,DEL-032
Customer support solved my issue quickly. This needs improvement.,7/21/2025,support,SUP-031
The helpdesk ignored my issue completely.,8/16/2025,support,SUP-024
Pricing is competitive again. Recently this has become more noticeable.,7/20/2025,pricing,PRI-033
Delivery arrived earlier than expected. Thankfully this seems to be improving.,8/26/2025,delivery,DEL-019
Recent updates improved delivery speed a lot. Compared to last month this feels worse.,7/11/2025,delivery,DEL-020
Recent pricing changes are disappointing. Compared to last month this feels worse.,8/4/2025,pricing,PRI-022
The helpdesk ignored my issue completely. Compared to last month this feels worse.,7/22/2025,support,SUP-016
Delivery times are becoming a serious issue. Compared to last month this feels worse.,12/25/2025,delivery,DEL-018
Delivery experience was frustrating and unreliable. Compared to last month this feels worse.,11/8/2025,delivery,DEL-001
Support response time is painfully slow. Recently this has become more noticeable.,12/7/2025,support,SUP-019
Support team was rude and dismissive.,12/16/2025,support,SUP-028
Delivery delays are getting worse every week. Overall the experience was disappointing.,9/9/2025,delivery,DEL-014
Delivery times are becoming a serious issue. Overall the experience was disappointing.,7/9/2025,delivery,DEL-002
Support experience keeps getting worse. Recently this has become more noticeable.,7/15/2025,support,SUP-009
The latest product version feels durable. This needs improvement.,12/21/2025,quality,QUA-039
Delivery delays are unacceptable now. I hope this gets fixed soon.,11/28/2025,delivery,DEL-020
Support staff were professional and efficient. Recently this has become more noticeable.,7/1/2025,support,SUP-002
The product feels unreliable and fragile. I hope this gets fixed soon.,7/11/2025,quality,QUA-029
Customer service kept transferring my request. I hope this gets fixed soon.,9/4/2025,support,SUP-001
Shipping updates are now accurate and helpful. Recently this has become more noticeable.,11/10/2025,delivery,DEL-014
Shipping updates are now accurate and helpful. Recently this has become more noticeable.,7/3/2025,delivery,DEL-014
Customer service kept transferring my request. This needs improvement.,8/11/2025,support,SUP-035
Hidden fees are making this frustrating. Thankfully this seems to be improving.,8/15/2025,pricing,PRI-033
Support staff were professional and efficient.,10/20/2025,support,SUP-007
Pricing strategy is hurting customer trust. Recently this has become more noticeable.,8/18/2025,pricing,PRI-008
Quality control seems nonexistent recently. I hope this gets fixed soon.,11/16/2025,quality,QUA-032
Recent discounts provided great value. Thankfully this seems to be improving.,12/13/2025,pricing,PRI-010
Delivery experience was frustrating and unreliable. Recently this has become more noticeable.,11/7/2025,delivery,DEL-039
Quality issues are becoming common. Thankfully this seems to be improving.,7/1/2025,quality,QUA-035
Late delivery ruined the experience completely. Compared to last month this feels worse.,10/1/2025,delivery,DEL-016
Tracking system was inaccurate and confusing. This needs improvement.,9/21/2025,delivery,DEL-009
Shipping was delayed again without updates. This needs improvement.,12/27/2025,delivery,DEL-020
Hidden fees are making this frustrating. Compared to last month this feels worse.,12/10/2025,pricing,PRI-040
The latest product version feels durable. Overall the experience was disappointing.,11/25/2025,quality,QUA-005
Too expensive compared to competitors now. Compared to last month this feels worse.,12/10/2025,pricing,PRI-017
Pricing is competitive again. Thankfully this seems to be improving.,7/11/2025,pricing,PRI-023
Build quality feels premium again. Overall the experience was disappointing.,7/19/2025,quality,QUA-006
Support experience keeps getting worse.,10/3/2025,support,SUP-038
Build quality has declined badly. Compared to last month this feels worse.,7/20/2025,quality,QUA-012
Customer service quality is unacceptable. This needs improvement.,12/26/2025,support,SUP-023
Build quality has declined badly. This needs improvement.,8/16/2025,quality,QUA-006
Customer support never responded to my complaint. This needs improvement.,9/18/2025,support,SUP-033
Delivery delays are unacceptable now. Thankfully this seems to be improving.,7/11/2025,delivery,DEL-028
Build quality feels premium again. I hope this gets fixed soon.,10/4/2025,quality,QUA-027
Build quality feels premium again. Recently this has become more noticeable.,8/22/2025,quality,QUA-001
Customer service was frustrating to deal with. Compared to last month this feels worse.,10/13/2025,support,SUP-019
The device stopped working unexpectedly. Overall the experience was disappointing.,11/28/2025,quality,QUA-018
Package arrived broken due to poor shipping. Overall the experience was disappointing.,11/8/2025,delivery,DEL-024
Hidden fees are making this frustrating. This needs improvement.,8/6/2025,pricing,PRI-013
Recent discounts provided great value. Thankfully this seems to be improving.,9/19/2025,pricing,PRI-028
Package arrived broken due to poor shipping. I hope this gets fixed soon.,10/13/2025,delivery,DEL-018
The product quality has improved noticeably. Thankfully this seems to be improving.,9/23/2025,quality,QUA-009
Support response time is painfully slow. Compared to last month this feels worse.,8/27/2025,support,SUP-014
Recent discounts provided great value. Compared to last month this feels worse.,10/10/2025,pricing,PRI-038
Customer service kept transferring my request.,9/12/2025,support,SUP-031
Customer support solved my issue quickly. I hope this gets fixed soon.,7/12/2025,support,SUP-037
Customer service experience was excellent. Compared to last month this feels worse.,10/29/2025,support,SUP-029
The product is overpriced for its quality. This needs improvement.,7/21/2025,pricing,PRI-023
Build quality has declined badly. Thankfully this seems to be improving.,10/27/2025,quality,QUA-034
Shipping support gave no useful information. Recently this has become more noticeable.,10/4/2025,delivery,DEL-001
The product broke after only two days. I hope this gets fixed soon.,10/2/2025,quality,QUA-009
Delivery delays are getting worse every week. Thankfully this seems to be improving.,11/18/2025,delivery,DEL-033
Pricing strategy is hurting customer trust. This needs improvement.,7/12/2025,pricing,PRI-030
Delivery arrived earlier than expected. Compared to last month this feels worse.,9/7/2025,delivery,DEL-037
Product durability is terrible now. This needs improvement.,7/28/2025,quality,QUA-006
Quality issues are becoming common.,7/29/2025,quality,QUA-005
Quality control seems nonexistent recently. Recently this has become more noticeable.,7/7/2025,quality,QUA-021
Package arrived broken due to poor shipping. Thankfully this seems to be improving.,10/20/2025,delivery,DEL-022
Shipping support gave no useful information. Thankfully this seems to be improving.,10/2/2025,delivery,DEL-005
Delivery arrived earlier than expected. Overall the experience was disappointing.,9/12/2025,delivery,DEL-035
Quality issues are becoming common. I hope this gets fixed soon.,10/19/2025,quality,QUA-007
Delivery experience was frustrating and unreliable. Thankfully this seems to be improving.,7/30/2025,delivery,DEL-030
Too expensive compared to competitors now.,7/16/2025,pricing,PRI-026
The product is overpriced for its quality. This needs improvement.,9/18/2025,pricing,PRI-012
Customer service experience was excellent. This needs improvement.,11/9/2025,support,SUP-036
Support team was rude and dismissive. Overall the experience was disappointing.,9/6/2025,support,SUP-022
Support team was rude and dismissive. Overall the experience was disappointing.,10/22/2025,support,SUP-037
Support experience keeps getting worse. Thankfully this seems to be improving.,10/29/2025,support,SUP-032
Delivery delays are getting worse every week. Recently this has become more noticeable.,11/28/2025,delivery,DEL-010
Build quality has declined badly.,10/10/2025,quality,QUA-032
Shipping was delayed again without updates.,10/9/2025,delivery,DEL-024
Shipping support gave no useful information. Thankfully this seems to be improving.,11/16/2025,delivery,DEL-034
Build quality has declined badly. I hope this gets fixed soon.,11/9/2025,quality,QUA-009
Build quality feels premium again. Thankfully this seems to be improving.,10/31/2025,quality,QUA-027
Customer service quality is unacceptable.,7/17/2025,support,SUP-020
Pricing feels unfair and misleading. Recently this has become more noticeable.,8/25/2025,pricing,PRI-022
The device stopped working unexpectedly. Thankfully this seems to be improving.,10/27/2025,quality,QUA-037
Support team was rude and dismissive.,11/30/2025,support,SUP-003
Pricing strategy is hurting customer trust.,7/8/2025,pricing,PRI-006
Pricing finally feels more reasonable. Overall the experience was disappointing.,11/12/2025,pricing,PRI-025
Support staff were professional and efficient. Overall the experience was disappointing.,7/23/2025,support,SUP-021
The product broke after only two days.,9/10/2025,quality,QUA-025
Support experience keeps getting worse. Compared to last month this feels worse.,10/5/2025,support,SUP-026
Support team was rude and dismissive. Recently this has become more noticeable.,9/4/2025,support,SUP-013
Product durability is terrible now.,12/6/2025,quality,QUA-040
Delivery delays are unacceptable now. Overall the experience was disappointing.,10/25/2025,delivery,DEL-018
Support staff were professional and efficient. Recently this has become more noticeable.,7/5/2025,support,SUP-017
Customer service experience was excellent. Compared to last month this feels worse.,7/21/2025,support,SUP-033
Delivery delays are getting worse every week. Overall the experience was disappointing.,9/27/2025,delivery,DEL-005
Support response time is painfully slow. I hope this gets fixed soon.,11/12/2025,support,SUP-017
Product durability is terrible now. Overall the experience was disappointing.,9/19/2025,quality,QUA-009
Recent discounts provided great value. Thankfully this seems to be improving.,9/27/2025,pricing,PRI-026
Customer service kept transferring my request. Thankfully this seems to be improving.,9/22/2025,support,SUP-037
The product quality has improved noticeably.,9/23/2025,quality,QUA-035
Tracking system was inaccurate and confusing.,11/20/2025,delivery,DEL-025
The discounts disappeared and costs are higher. This needs improvement.,8/2/2025,pricing,PRI-018
Recent updates improved delivery speed a lot. Thankfully this seems to be improving.,8/9/2025,delivery,DEL-032
Quality control seems nonexistent recently.,7/1/2025,quality,QUA-022
Delivery arrived earlier than expected. I hope this gets fixed soon.,7/11/2025,delivery,DEL-023
Tracking system was inaccurate and confusing. Thankfully this seems to be improving.,11/20/2025,delivery,DEL-024
The product feels unreliable and fragile. Overall the experience was disappointing.,11/27/2025,quality,QUA-026
Customer support solved my issue quickly. This needs improvement.,11/5/2025,support,SUP-027
Too expensive compared to competitors now. Thankfully this seems to be improving.,7/29/2025,pricing,PRI-022
Tracking system was inaccurate and confusing. Thankfully this seems to be improving.,9/12/2025,delivery,DEL-005
The device stopped working unexpectedly. Recently this has become more noticeable.,9/10/2025,quality,QUA-036
Quality control seems nonexistent recently. Compared to last month this feels worse.,7/14/2025,quality,QUA-016
No resolution was provided by support staff. Recently this has become more noticeable.,12/7/2025,support,SUP-035
Delivery times are becoming a serious issue. Compared to last month this feels worse.,8/12/2025,delivery,DEL-029
Recent discounts provided great value. This needs improvement.,11/23/2025,pricing,PRI-039
The product feels unreliable and fragile. Compared to last month this feels worse.,12/14/2025,quality,QUA-005
Quality issues are becoming common.,10/1/2025,quality,QUA-035
Delivery delays are getting worse every week. Compared to last month this feels worse.,9/9/2025,delivery,DEL-016
Recent pricing changes are disappointing.,9/11/2025,pricing,PRI-038
Package arrived damaged and very late. Recently this has become more noticeable.,8/1/2025,delivery,DEL-038
Support agents lacked product knowledge. This needs improvement.,9/9/2025,support,SUP-004
Recent pricing changes are disappointing. Overall the experience was disappointing.,9/28/2025,pricing,PRI-030
Build quality has declined badly. Thankfully this seems to be improving.,8/4/2025,quality,QUA-027
Customer support solved my issue quickly. Recently this has become more noticeable.,7/9/2025,support,SUP-037
Pricing is competitive again.,10/17/2025,pricing,PRI-006
Recent discounts provided great value. Recently this has become more noticeable.,12/11/2025,pricing,PRI-032
Support response time is painfully slow. Overall the experience was disappointing.,12/25/2025,support,SUP-010
The discounts disappeared and costs are higher.,9/29/2025,pricing,PRI-035
The device stopped working unexpectedly. I hope this gets fixed soon.,9/12/2025,quality,QUA-032
Support response time is painfully slow. This needs improvement.,8/6/2025,support,SUP-030
Support staff were professional and efficient. This needs improvement.,9/18/2025,support,SUP-009
The product broke after only two days. Thankfully this seems to be improving.,10/29/2025,quality,QUA-015
Recent updates improved delivery speed a lot. Thankfully this seems to be improving.,8/3/2025,delivery,DEL-031
Pricing strategy is hurting customer trust. I hope this gets fixed soon.,7/16/2025,pricing,PRI-040
Customer service quality is unacceptable. Recently this has become more noticeable.,8/29/2025,support,SUP-022
Product durability is terrible now. Compared to last month this feels worse.,8/15/2025,quality,QUA-021
Product durability is terrible now. Thankfully this seems to be improving.,7/19/2025,quality,QUA-001
Recent updates improved delivery speed a lot. Compared to last month this feels worse.,11/19/2025,delivery,DEL-014
No resolution was provided by support staff. Recently this has become more noticeable.,9/8/2025,support,SUP-028
The subscription cost is no longer justified.,11/25/2025,pricing,PRI-033
Pricing feels unfair and misleading. Thankfully this seems to be improving.,8/10/2025,pricing,PRI-012
Prices increased too much this month. Overall the experience was disappointing.,7/6/2025,pricing,PRI-021
Customer service quality is unacceptable. I hope this gets fixed soon.,7/30/2025,support,SUP-011
Recent discounts provided great value.,11/18/2025,pricing,PRI-035
Support team was rude and dismissive.,11/12/2025,support,SUP-010
Recent updates improved delivery speed a lot. Overall the experience was disappointing.,8/4/2025,delivery,DEL-030
Tracking system was inaccurate and confusing. Recently this has become more noticeable.,10/28/2025,delivery,DEL-008
Recent pricing changes are disappointing. Compared to last month this feels worse.,11/18/2025,pricing,PRI-022
Hidden fees are making this frustrating. Thankfully this seems to be improving.,7/3/2025,pricing,PRI-008
Build quality feels premium again. Overall the experience was disappointing.,11/5/2025,quality,QUA-002
Material quality feels extremely cheap now. I hope this gets fixed soon.,7/11/2025,quality,QUA-028
The helpdesk ignored my issue completely. Overall the experience was disappointing.,7/1/2025,support,SUP-040
Shipping updates are now accurate and helpful. Overall the experience was disappointing.,9/7/2025,delivery,DEL-024
Prices increased too much this month. Thankfully this seems to be improving.,8/19/2025,pricing,PRI-019
The product feels unreliable and fragile. Compared to last month this feels worse.,10/22/2025,quality,QUA-014
Too expensive compared to competitors now. Compared to last month this feels worse.,7/18/2025,pricing,PRI-003
Delivery delays are getting worse every week. I hope this gets fixed soon.,9/11/2025,delivery,DEL-031
Delivery arrived earlier than expected. Thankfully this seems to be improving.,8/10/2025,delivery,DEL-028
Support staff were professional and efficient. I hope this gets fixed soon.,9/1/2025,support,SUP-010
Delivery experience was frustrating and unreliable.,10/21/2025,delivery,DEL-021
Quality issues are becoming common. Compared to last month this feels worse.,9/16/2025,quality,QUA-040
Support staff were professional and efficient.,11/28/2025,support,SUP-033
The item feels poorly manufactured. This needs improvement.,11/17/2025,quality,QUA-025
The product quality has improved noticeably. This needs improvement.,10/26/2025,quality,QUA-017
Prices increased too much this month. I hope this gets fixed soon.,7/7/2025,pricing,PRI-020
The discounts disappeared and costs are higher. Overall the experience was disappointing.,7/10/2025,pricing,PRI-006
The subscription cost is no longer justified. Overall the experience was disappointing.,8/7/2025,pricing,PRI-016
Product durability is terrible now. Thankfully this seems to be improving.,8/18/2025,quality,QUA-016
Customer support never responded to my complaint. I hope this gets fixed soon.,11/5/2025,support,SUP-014
Support experience keeps getting worse. Compared to last month this feels worse.,7/10/2025,support,SUP-012
The product broke after only two days. Overall the experience was disappointing.,9/25/2025,quality,QUA-026
Customer service experience was excellent. Compared to last month this feels worse.,8/19/2025,support,SUP-019
The product quality has improved noticeably. Overall the experience was disappointing.,8/14/2025,quality,QUA-023
Components failed after light usage. Compared to last month this feels worse.,11/30/2025,quality,QUA-031
Recent pricing changes are disappointing. Compared to last month this feels worse.,12/14/2025,pricing,PRI-024
Delivery experience was frustrating and unreliable. Overall the experience was disappointing.,7/20/2025,delivery,DEL-009
The latest product version feels durable. Thankfully this seems to be improving.,8/13/2025,quality,QUA-006
Shipping support gave no useful information.,8/28/2025,delivery,DEL-014
Customer service kept transferring my request. Overall the experience was disappointing.,11/2/2025,support,SUP-031
The product feels unreliable and fragile. Thankfully this seems to be improving.,8/16/2025,quality,QUA-035
Customer service experience was excellent. I hope this gets fixed soon.,10/15/2025,support,SUP-040
Quality control seems nonexistent recently. Recently this has become more noticeable.,7/20/2025,quality,QUA-013
Value for money has dropped significantly. Thankfully this seems to be improving.,11/24/2025,pricing,PRI-036
Product durability is terrible now. Recently this has become more noticeable.,8/5/2025,quality,QUA-033
Support staff were professional and efficient. This needs improvement.,10/30/2025,support,SUP-034
The helpdesk ignored my issue completely. Recently this has become more noticeable.,7/29/2025,support,SUP-003
Package arrived damaged and very late. Overall the experience was disappointing.,7/9/2025,delivery,DEL-019
The helpdesk ignored my issue completely. This needs improvement.,12/2/2025,support,SUP-013
Delivery delays are unacceptable now. Compared to last month this feels worse.,9/17/2025,delivery,DEL-015
Support team was rude and dismissive. Thankfully this seems to be improving.,11/8/2025,support,SUP-005
Pricing finally feels more reasonable. This needs improvement.,8/8/2025,pricing,PRI-029
Delivery delays are getting worse every week. Overall the experience was disappointing.,9/25/2025,delivery,DEL-007
Support staff were professional and efficient. Overall the experience was disappointing.,12/13/2025,support,SUP-017
Support agents lacked product knowledge. Compared to last month this feels worse.,11/6/2025,support,SUP-020
Prices increased too much this month. Thankfully this seems to be improving.,7/28/2025,pricing,PRI-032
The latest product version feels durable. Compared to last month this feels worse.,9/30/2025,quality,QUA-031
Support agents lacked product knowledge. Overall the experience was disappointing.,10/3/2025,support,SUP-035
The discounts disappeared and costs are higher. Overall the experience was disappointing.,8/11/2025,pricing,PRI-005
Support experience keeps getting worse. I hope this gets fixed soon.,11/8/2025,support,SUP-013
Quality issues are becoming common. Compared to last month this feels worse.,9/10/2025,quality,QUA-024
Quality control seems nonexistent recently. Recently this has become more noticeable.,9/7/2025,quality,QUA-037
Support response time is painfully slow. Recently this has become more noticeable.,10/31/2025,support,SUP-010
Customer service was frustrating to deal with. I hope this gets fixed soon.,8/6/2025,support,SUP-021
Customer support solved my issue quickly. This needs improvement.,7/15/2025,support,SUP-015
Hidden fees are making this frustrating. Compared to last month this feels worse.,8/14/2025,pricing,PRI-031
The discounts disappeared and costs are higher. Overall the experience was disappointing.,11/14/2025,pricing,PRI-022
Quality control seems nonexistent recently. Recently this has become more noticeable.,8/20/2025,quality,QUA-022
Customer service experience was excellent. Recently this has become more noticeable.,10/19/2025,support,SUP-033
Pricing is competitive again. Compared to last month this feels worse.,10/23/2025,pricing,PRI-015
Support agents lacked product knowledge. Recently this has become more noticeable.,7/11/2025,support,SUP-020
Shipping updates are now accurate and helpful. This needs improvement.,7/15/2025,delivery,DEL-004
Product durability is terrible now. Overall the experience was disappointing.,7/25/2025,quality,QUA-029
Delivery delays are getting worse every week. Thankfully this seems to be improving.,9/24/2025,delivery,DEL-016
The item feels poorly manufactured. Overall the experience was disappointing.,12/23/2025,quality,QUA-007
Customer service was frustrating to deal with. Thankfully this seems to be improving.,11/2/2025,support,SUP-013
Customer service was frustrating to deal with.,11/27/2025,support,SUP-010
Delivery delays are unacceptable now. I hope this gets fixed soon.,10/26/2025,delivery,DEL-016
Tracking system was inaccurate and confusing. Thankfully this seems to be improving.,8/30/2025,delivery,DEL-038
Recent updates improved delivery speed a lot. Recently this has become more noticeable.,9/13/2025,delivery,DEL-006
Delivery arrived earlier than expected. Recently this has become more noticeable.,12/8/2025,delivery,DEL-014
The helpdesk ignored my issue completely. Thankfully this seems to be improving.,10/29/2025,support,SUP-013
Recent updates improved delivery speed a lot. Overall the experience was disappointing.,9/14/2025,delivery,DEL-017
No resolution was provided by support staff.,8/4/2025,support,SUP-020
The product quality has improved noticeably. Thankfully this seems to be improving.,12/14/2025,quality,QUA-010
Support staff were professional and efficient. I hope this gets fixed soon.,11/3/2025,support,SUP-012
The product quality has improved noticeably. I hope this gets fixed soon.,12/3/2025,quality,QUA-021
Customer support solved my issue quickly. Compared to last month this feels worse.,9/15/2025,support,SUP-040
Too expensive compared to competitors now. Thankfully this seems to be improving.,11/25/2025,pricing,PRI-021
Pricing feels unfair and misleading. Thankfully this seems to be improving.,10/10/2025,pricing,PRI-006
Package arrived damaged and very late. This needs improvement.,8/26/2025,delivery,DEL-033
Material quality feels extremely cheap now. I hope this gets fixed soon.,12/9/2025,quality,QUA-004
Late delivery ruined the experience completely. Recently this has become more noticeable.,11/15/2025,delivery,DEL-019
Build quality has declined badly. I hope this gets fixed soon.,8/5/2025,quality,QUA-014
Delivery delays are unacceptable now. Overall the experience was disappointing.,10/5/2025,delivery,DEL-036
Too expensive compared to competitors now. Overall the experience was disappointing.,9/16/2025,pricing,PRI-034
Tracking system was inaccurate and confusing. Recently this has become more noticeable.,12/16/2025,delivery,DEL-007
Pricing finally feels more reasonable. I hope this gets fixed soon.,10/3/2025,pricing,PRI-031
Pricing finally feels more reasonable. Thankfully this seems to be improving.,12/16/2025,pricing,PRI-009
No resolution was provided by support staff. This needs improvement.,10/9/2025,support,SUP-030
Customer support solved my issue quickly. I hope this gets fixed soon.,8/16/2025,support,SUP-019
Support agents lacked product knowledge.,12/15/2025,support,SUP-016
Quality issues are becoming common. Recently this has become more noticeable.,10/20/2025,quality,QUA-006
Shipping was delayed again without updates. Thankfully this seems to be improving.,12/3/2025,delivery,DEL-029
Recent updates improved delivery speed a lot. Thankfully this seems to be improving.,11/19/2025,delivery,DEL-020
The item feels poorly manufactured. Compared to last month this feels worse.,11/25/2025,quality,QUA-013
Components failed after light usage. Recently this has become more noticeable.,9/30/2025,quality,QUA-036
Recent discounts provided great value.,7/12/2025,pricing,PRI-011
Shipping support gave no useful information. This needs improvement.,7/18/2025,delivery,DEL-034
The product quality has improved noticeably. Compared to last month this feels worse.,8/14/2025,quality,QUA-040
Components failed after light usage. Overall the experience was disappointing.,9/1/2025,quality,QUA-010
Recent pricing changes are disappointing. This needs improvement.,12/14/2025,pricing,PRI-018
Hidden fees are making this frustrating. Overall the experience was disappointing.,7/30/2025,pricing,PRI-014
Customer service quality is unacceptable. This needs improvement.,7/13/2025,support,SUP-004
Shipping updates are now accurate and helpful. Thankfully this seems to be improving.,9/29/2025,delivery,DEL-040
Customer support never responded to my complaint. Compared to last month this feels worse.,8/19/2025,support,SUP-026
Recent pricing changes are disappointing. Compared to last month this feels worse.,7/30/2025,pricing,PRI-007
The helpdesk ignored my issue completely. Recently this has become more noticeable.,12/27/2025,support,SUP-007
Customer service experience was excellent. Compared to last month this feels worse.,11/4/2025,support,SUP-030
Delivery delays are getting worse every week. Compared to last month this feels worse.,9/3/2025,delivery,DEL-013
Customer service quality is unacceptable. Recently this has become more noticeable.,9/6/2025,support,SUP-034
Tracking system was inaccurate and confusing. Thankfully this seems to be improving.,9/26/2025,delivery,DEL-012
Shipping was delayed again without updates.,8/17/2025,delivery,DEL-028
The product quality has improved noticeably. I hope this gets fixed soon.,9/23/2025,quality,QUA-025
Customer service kept transferring my request. This needs improvement.,9/16/2025,support,SUP-018
Pricing finally feels more reasonable. I hope this gets fixed soon.,10/11/2025,pricing,PRI-035
Pricing strategy is hurting customer trust. Recently this has become more noticeable.,12/28/2025,pricing,PRI-005
The product quality has improved noticeably. Recently this has become more noticeable.,8/4/2025,quality,QUA-005
Recent pricing changes are disappointing. Overall the experience was disappointing.,10/5/2025,pricing,PRI-025
Support team was rude and dismissive. This needs improvement.,7/6/2025,support,SUP-038
Quality issues are becoming common. Overall the experience was disappointing.,7/31/2025,quality,QUA-016
The product feels unreliable and fragile. Overall the experience was disappointing.,11/12/2025,quality,QUA-006
Shipping updates are now accurate and helpful. I hope this gets fixed soon.,12/24/2025,delivery,DEL-012
Support agents lacked product knowledge. Compared to last month this feels worse.,10/30/2025,support,SUP-031
Pricing feels unfair and misleading. Compared to last month this feels worse.,7/28/2025,pricing,PRI-031
The latest product version feels durable. This needs improvement.,7/8/2025,quality,QUA-018
Build quality feels premium again. Thankfully this seems to be improving.,9/22/2025,quality,QUA-021
Customer service was frustrating to deal with. Overall the experience was disappointing.,7/18/2025,support,SUP-022
Support response time is painfully slow. Thankfully this seems to be improving.,11/4/2025,support,SUP-002
Delivery experience was frustrating and unreliable.,11/20/2025,delivery,DEL-027
Value for money has dropped significantly. Recently this has become more noticeable.,12/23/2025,pricing,PRI-026
The latest product version feels durable.,11/24/2025,quality,QUA-009
Package arrived broken due to poor shipping. Recently this has become more noticeable.,12/13/2025,delivery,DEL-012
The item feels poorly manufactured. Overall the experience was disappointing.,7/10/2025,quality,QUA-038
Components failed after light usage. Recently this has become more noticeable.,11/25/2025,quality,QUA-018
Customer service kept transferring my request. Thankfully this seems to be improving.,11/22/2025,support,SUP-020
Pricing finally feels more reasonable. Recently this has become more noticeable.,12/23/2025,pricing,PRI-030
Support team was rude and dismissive. This needs improvement.,12/14/2025,support,SUP-003
Delivery experience was frustrating and unreliable. I hope this gets fixed soon.,8/26/2025,delivery,DEL-002
Tracking system was inaccurate and confusing. This needs improvement.,12/10/2025,delivery,DEL-019
Shipping updates are now accurate and helpful. Overall the experience was disappointing.,12/10/2025,delivery,DEL-023
Support experience keeps getting worse. Compared to last month this feels worse.,12/3/2025,support,SUP-034
The subscription cost is no longer justified. Thankfully this seems to be improving.,7/14/2025,pricing,PRI-015
Delivery delays are getting worse every week. Recently this has become more noticeable.,11/11/2025,delivery,DEL-027
Hidden fees are making this frustrating.,10/25/2025,pricing,PRI-024
The device stopped working unexpectedly. Recently this has become more noticeable.,10/26/2025,quality,QUA-023
Customer service quality is unacceptable. Recently this has become more noticeable.,12/15/2025,support,SUP-005
Recent discounts provided great value. Compared to last month this feels worse.,12/13/2025,pricing,PRI-005
Package arrived broken due to poor shipping.,9/19/2025,delivery,DEL-037
Customer service experience was excellent. Thankfully this seems to be improving.,11/27/2025,support,SUP-007
Recent discounts provided great value. Overall the experience was disappointing.,12/28/2025,pricing,PRI-025
Customer service experience was excellent. I hope this gets fixed soon.,10/6/2025,support,SUP-029
Customer service experience was excellent. I hope this gets fixed soon.,7/9/2025,support,SUP-023
The discounts disappeared and costs are higher. Recently this has become more noticeable.,11/21/2025,pricing,PRI-035
Customer service quality is unacceptable. Compared to last month this feels worse.,7/22/2025,support,SUP-020
Customer service experience was excellent. Overall the experience was disappointing.,11/22/2025,support,SUP-032
Customer support never responded to my complaint. Overall the experience was disappointing.,7/13/2025,support,SUP-024
Pricing strategy is hurting customer trust.,9/29/2025,pricing,PRI-033
Customer service was frustrating to deal with. Compared to last month this feels worse.,7/19/2025,support,SUP-029
Recent pricing changes are disappointing. Recently this has become more noticeable.,11/15/2025,pricing,PRI-031
Shipping was delayed again without updates. Thankfully this seems to be improving.,12/26/2025,delivery,DEL-007
Tracking system was inaccurate and confusing. This needs improvement.,9/21/2025,delivery,DEL-008
Package arrived damaged and very late. Thankfully this seems to be improving.,9/2/2025,delivery,DEL-023
Pricing feels unfair and misleading. Thankfully this seems to be improving.,7/18/2025,pricing,PRI-018
Package arrived damaged and very late. Recently this has become more noticeable.,11/28/2025,delivery,DEL-036
The helpdesk ignored my issue completely. Overall the experience was disappointing.,8/3/2025,support,SUP-020
Prices increased too much this month. I hope this gets fixed soon.,8/21/2025,pricing,PRI-038
Value for money has dropped significantly. Compared to last month this feels worse.,7/8/2025,pricing,PRI-004
Quality issues are becoming common. Overall the experience was disappointing.,11/19/2025,quality,QUA-021
Package arrived damaged and very late. I hope this gets fixed soon.,8/9/2025,delivery,DEL-020
Components failed after light usage. Overall the experience was disappointing.,11/29/2025,quality,QUA-018
Shipping was delayed again without updates. This needs improvement.,7/30/2025,delivery,DEL-007
Hidden fees are making this frustrating.,9/6/2025,pricing,PRI-037
No resolution was provided by support staff. Overall the experience was disappointing.,11/1/2025,support,SUP-030
Support agents lacked product knowledge.,11/17/2025,support,SUP-015
Recent updates improved delivery speed a lot. Recently this has become more noticeable.,12/12/2025,delivery,DEL-039
Support team was rude and dismissive. I hope this gets fixed soon.,10/6/2025,support,SUP-040
Product durability is terrible now. Overall the experience was disappointing.,9/28/2025,quality,QUA-036
The product broke after only two days. I hope this gets fixed soon.,9/2/2025,quality,QUA-008
Delivery delays are unacceptable now. Compared to last month this feels worse.,9/2/2025,delivery,DEL-031
Customer support never responded to my complaint. This needs improvement.,10/7/2025,support,SUP-016
Material quality feels extremely cheap now. This needs improvement.,12/17/2025,quality,QUA-039
Customer service quality is unacceptable. Recently this has become more noticeable.,10/10/2025,support,SUP-005
Support team was rude and dismissive. Overall the experience was disappointing.,10/13/2025,support,SUP-022
Customer service kept transferring my request. Thankfully this seems to be improving.,12/26/2025,support,SUP-034
The product feels unreliable and fragile. This needs improvement.,12/24/2025,quality,QUA-002
Prices increased too much this month. This needs improvement.,12/18/2025,pricing,PRI-011
Support agents lacked product knowledge.,8/12/2025,support,SUP-025
The product quality has improved noticeably.,12/22/2025,quality,QUA-002
The product quality has improved noticeably. This needs improvement.,11/14/2025,quality,QUA-040
Pricing finally feels more reasonable. I hope this gets fixed soon.,10/21/2025,pricing,PRI-030
The device stopped working unexpectedly. Thankfully this seems to be improving.,10/1/2025,quality,QUA-007
Shipping support gave no useful information. Recently this has become more noticeable.,9/10/2025,delivery,DEL-032
Customer service was frustrating to deal with. This needs improvement.,9/11/2025,support,SUP-025
Customer support solved my issue quickly. Thankfully this seems to be improving.,11/25/2025,support,SUP-038
Customer service kept transferring my request. I hope this gets fixed soon.,7/18/2025,support,SUP-033
Recent updates improved delivery speed a lot. This needs improvement.,11/16/2025,delivery,DEL-027
Recent pricing changes are disappointing. Recently this has become more noticeable.,8/15/2025,pricing,PRI-003
Material quality feels extremely cheap now.,8/30/2025,quality,QUA-035
Package arrived broken due to poor shipping. Compared to last month this feels worse.,11/17/2025,delivery,DEL-019
Pricing strategy is hurting customer trust. I hope this gets fixed soon.,8/13/2025,pricing,PRI-021
Quality issues are becoming common. Thankfully this seems to be improving.,12/7/2025,quality,QUA-040
Late delivery ruined the experience completely. Overall the experience was disappointing.,10/24/2025,delivery,DEL-003
Delivery arrived earlier than expected. Overall the experience was disappointing.,10/26/2025,delivery,DEL-038
The product quality has improved noticeably. This needs improvement.,7/18/2025,quality,QUA-033
The subscription cost is no longer justified. I hope this gets fixed soon.,7/21/2025,pricing,PRI-009
Support team was rude and dismissive. Recently this has become more noticeable.,12/16/2025,support,SUP-016
Recent pricing changes are disappointing. Overall the experience was disappointing.,10/28/2025,pricing,PRI-004
Pricing feels unfair and misleading. Compared to last month this feels worse.,12/16/2025,pricing,PRI-039
Late delivery ruined the experience completely. Compared to last month this feels worse.,8/29/2025,delivery,DEL-030
Support response time is painfully slow. Recently this has become more noticeable.,10/30/2025,support,SUP-008
Pricing strategy is hurting customer trust. This needs improvement.,11/7/2025,pricing,PRI-033
Quality issues are becoming common. Overall the experience was disappointing.,9/3/2025,quality,QUA-003
Delivery arrived earlier than expected. Thankfully this seems to be improving.,10/13/2025,delivery,DEL-032
The subscription cost is no longer justified.,7/2/2025,pricing,PRI-032
Delivery arrived earlier than expected. This needs improvement.,10/11/2025,delivery,DEL-018
Value for money has dropped significantly.,9/6/2025,pricing,PRI-014
Shipping updates are now accurate and helpful. Compared to last month this feels worse.,9/29/2025,delivery,DEL-037
Customer service was frustrating to deal with. This needs improvement.,8/12/2025,support,SUP-006
Pricing feels unfair and misleading. Overall the experience was disappointing.,12/2/2025,pricing,PRI-028
Value for money has dropped significantly. Compared to last month this feels worse.,11/17/2025,pricing,PRI-028
Recent discounts provided great value. Compared to last month this feels worse.,12/10/2025,pricing,PRI-032
Customer support solved my issue quickly. Overall the experience was disappointing.,11/18/2025,support,SUP-011
Value for money has dropped significantly.,7/17/2025,pricing,PRI-026
The product is overpriced for its quality. I hope this gets fixed soon.,12/23/2025,pricing,PRI-004
Late delivery ruined the experience completely. Thankfully this seems to be improving.,10/10/2025,delivery,DEL-031
Delivery times are becoming a serious issue.,9/7/2025,delivery,DEL-035
Delivery times are becoming a serious issue. I hope this gets fixed soon.,7/16/2025,delivery,DEL-028
The product is overpriced for its quality. I hope this gets fixed soon.,8/10/2025,pricing,PRI-005
Too expensive compared to competitors now. Thankfully this seems to be improving.,7/23/2025,pricing,PRI-018
Pricing strategy is hurting customer trust. Recently this has become more noticeable.,7/17/2025,pricing,PRI-009
Support agents lacked product knowledge. Compared to last month this feels worse.,12/10/2025,support,SUP-010
Support agents lacked product knowledge. I hope this gets fixed soon.,9/1/2025,support,SUP-032
Too expensive compared to competitors now. This needs improvement.,11/22/2025,pricing,PRI-020
The item feels poorly manufactured. This needs improvement.,12/11/2025,quality,QUA-036
The item feels poorly manufactured.,8/22/2025,quality,QUA-027
Support experience keeps getting worse. I hope this gets fixed soon.,12/19/2025,support,SUP-023
Customer service experience was excellent. Recently this has become more noticeable.,12/21/2025,support,SUP-026
Customer service quality is unacceptable. Overall the experience was disappointing.,10/17/2025,support,SUP-012
The device stopped working unexpectedly. Overall the experience was disappointing.,8/18/2025,quality,QUA-022
Shipping was delayed again without updates. Thankfully this seems to be improving.,9/17/2025,delivery,DEL-039
Delivery arrived earlier than expected. Thankfully this seems to be improving.,7/28/2025,delivery,DEL-028
Delivery delays are unacceptable now. This needs improvement.,12/6/2025,delivery,DEL-025
Quality issues are becoming common. I hope this gets fixed soon.,11/9/2025,quality,QUA-027
Quality control seems nonexistent recently. Thankfully this seems to be improving.,11/28/2025,quality,QUA-028
Customer service kept transferring my request. Compared to last month this feels worse.,11/1/2025,support,SUP-015
Support team was rude and dismissive. Recently this has become more noticeable.,10/24/2025,support,SUP-030
The item feels poorly manufactured.,8/31/2025,quality,QUA-032
Recent discounts provided great value. Overall the experience was disappointing.,8/31/2025,pricing,PRI-004
Delivery arrived earlier than expected. I hope this gets fixed soon.,10/10/2025,delivery,DEL-014
Recent pricing changes are disappointing. Thankfully this seems to be improving.,7/4/2025,pricing,PRI-034
Recent updates improved delivery speed a lot. This needs improvement.,10/3/2025,delivery,DEL-040
Material quality feels extremely cheap now. I hope this gets fixed soon.,12/20/2025,quality,QUA-036
Delivery experience was frustrating and unreliable.,7/9/2025,delivery,DEL-022
The product broke after only two days. Recently this has become more noticeable.,8/27/2025,quality,QUA-009
No resolution was provided by support staff. Recently this has become more noticeable.,9/29/2025,support,SUP-017
Delivery delays are unacceptable now. This needs improvement.,12/24/2025,delivery,DEL-016
The helpdesk ignored my issue completely.,7/14/2025,support,SUP-036
Support experience keeps getting worse. Compared to last month this feels worse.,9/1/2025,support,SUP-011
Shipping was delayed again without updates. Recently this has become more noticeable.,10/31/2025,delivery,DEL-021
The device stopped working unexpectedly. Thankfully this seems to be improving.,10/30/2025,quality,QUA-027
The item feels poorly manufactured. I hope this gets fixed soon.,12/25/2025,quality,QUA-016
Material quality feels extremely cheap now. Overall the experience was disappointing.,10/21/2025,quality,QUA-003
Recent updates improved delivery speed a lot.,10/28/2025,delivery,DEL-020
Prices increased too much this month. Overall the experience was disappointing.,12/15/2025,pricing,PRI-002
Quality issues are becoming common. Thankfully this seems to be improving.,12/4/2025,quality,QUA-031
Shipping updates are now accurate and helpful. Thankfully this seems to be improving.,12/16/2025,delivery,DEL-034
Pricing finally feels more reasonable. Compared to last month this feels worse.,11/6/2025,pricing,PRI-027
Tracking system was inaccurate and confusing. This needs improvement.,12/11/2025,delivery,DEL-021
Prices increased too much this month. Thankfully this seems to be improving.,10/21/2025,pricing,PRI-007
Customer support solved my issue quickly. Recently this has become more noticeable.,12/22/2025,support,SUP-028
Package arrived damaged and very late. Thankfully this seems to be improving.,12/2/2025,delivery,DEL-040
The discounts disappeared and costs are higher. Compared to last month this feels worse.,9/16/2025,pricing,PRI-040
Material quality feels extremely cheap now. Thankfully this seems to be improving.,11/5/2025,quality,QUA-029
Build quality has declined badly. Recently this has become more noticeable.,8/16/2025,quality,QUA-040
Product durability is terrible now. Compared to last month this feels worse.,11/2/2025,quality,QUA-035
Material quality feels extremely cheap now. Thankfully this seems to be improving.,11/14/2025,quality,QUA-009
Delivery arrived earlier than expected. Overall the experience was disappointing.,7/12/2025,delivery,DEL-038
Prices increased too much this month. Thankfully this seems to be improving.,8/11/2025,pricing,PRI-018
Pricing strategy is hurting customer trust. This needs improvement.,8/11/2025,pricing,PRI-026
No resolution was provided by support staff.,11/13/2025,support,SUP-004
Customer service quality is unacceptable. I hope this gets fixed soon.,12/22/2025,support,SUP-026
Recent discounts provided great value. Recently this has become more noticeable.,12/8/2025,pricing,PRI-010
Delivery delays are unacceptable now.,12/22/2025,delivery,DEL-028
Pricing strategy is hurting customer trust. This needs improvement.,7/7/2025,pricing,PRI-006
Value for money has dropped significantly. Thankfully this seems to be improving.,12/26/2025,pricing,PRI-007
Customer service was frustrating to deal with. Overall the experience was disappointing.,11/30/2025,support,SUP-029
Late delivery ruined the experience completely. I hope this gets fixed soon.,12/2/2025,delivery,DEL-007
Support staff were professional and efficient. Thankfully this seems to be improving.,8/2/2025,support,SUP-007
Build quality has declined badly. This needs improvement.,10/6/2025,quality,QUA-024
The product is overpriced for its quality. I hope this gets fixed soon.,12/26/2025,pricing,PRI-028
The product feels unreliable and fragile. Overall the experience was disappointing.,11/8/2025,quality,QUA-012
Too expensive compared to competitors now. Overall the experience was disappointing.,12/25/2025,pricing,PRI-016
Product durability is terrible now. Thankfully this seems to be improving.,8/18/2025,quality,QUA-011
Support agents lacked product knowledge. Recently this has become more noticeable.,11/11/2025,support,SUP-018
The discounts disappeared and costs are higher. Compared to last month this feels worse.,11/21/2025,pricing,PRI-040
Delivery delays are unacceptable now. This needs improvement.,11/20/2025,delivery,DEL-017
Support response time is painfully slow. This needs improvement.,9/5/2025,support,SUP-021
Customer service experience was excellent. Recently this has become more noticeable.,8/7/2025,support,SUP-002
The product broke after only two days. Compared to last month this feels worse.,8/6/2025,quality,QUA-027
The latest product version feels durable. This needs improvement.,12/22/2025,quality,QUA-004
Hidden fees are making this frustrating. Recently this has become more noticeable.,8/19/2025,pricing,PRI-027
Support team was rude and dismissive. Recently this has become more noticeable.,7/19/2025,support,SUP-029
Quality issues are becoming common.,9/6/2025,quality,QUA-017
Components failed after light usage.,8/6/2025,quality,QUA-018
The product broke after only two days. Compared to last month this feels worse.,7/3/2025,quality,QUA-011
Customer support solved my issue quickly. Thankfully this seems to be improving.,11/17/2025,support,SUP-002
Customer service experience was excellent. Compared to last month this feels worse.,11/28/2025,support,SUP-023
Pricing is competitive again. Overall the experience was disappointing.,12/4/2025,pricing,PRI-033
Support agents lacked product knowledge. Recently this has become more noticeable.,9/10/2025,support,SUP-030
Delivery delays are unacceptable now. This needs improvement.,12/10/2025,delivery,DEL-030
No resolution was provided by support staff. Compared to last month this feels worse.,11/5/2025,support,SUP-024
Support experience keeps getting worse. I hope this gets fixed soon.,7/14/2025,support,SUP-001
Delivery experience was frustrating and unreliable. This needs improvement.,11/18/2025,delivery,DEL-009
The product quality has improved noticeably. I hope this gets fixed soon.,12/25/2025,quality,QUA-012
Recent discounts provided great value. Thankfully this seems to be improving.,7/18/2025,pricing,PRI-006
Package arrived damaged and very late. Recently this has become more noticeable.,12/23/2025,delivery,DEL-020
Package arrived damaged and very late. Overall the experience was disappointing.,7/25/2025,delivery,DEL-023
Package arrived broken due to poor shipping. Recently this has become more noticeable.,9/23/2025,delivery,DEL-005
Delivery experience was frustrating and unreliable. I hope this gets fixed soon.,7/21/2025,delivery,DEL-006
Late delivery ruined the experience completely. Overall the experience was disappointing.,12/5/2025,delivery,DEL-027
Pricing strategy is hurting customer trust. Overall the experience was disappointing.,12/4/2025,pricing,PRI-026
The discounts disappeared and costs are higher. This needs improvement.,11/1/2025,pricing,PRI-019
Delivery arrived earlier than expected. This needs improvement.,11/24/2025,delivery,DEL-015
Delivery delays are unacceptable now.,8/29/2025,delivery,DEL-035
Build quality has declined badly. Compared to last month this feels worse.,9/29/2025,quality,QUA-011
Customer support solved my issue quickly. Thankfully this seems to be improving.,11/18/2025,support,SUP-002
Package arrived broken due to poor shipping. Thankfully this seems to be improving.,11/23/2025,delivery,DEL-011
Package arrived broken due to poor shipping. Recently this has become more noticeable.,11/6/2025,delivery,DEL-008
Shipping was delayed again without updates.,7/10/2025,delivery,DEL-020
Customer service quality is unacceptable. I hope this gets fixed soon.,8/13/2025,support,SUP-025
Support experience keeps getting worse.,11/28/2025,support,SUP-036
Recent pricing changes are disappointing. I hope this gets fixed soon.,7/9/2025,pricing,PRI-039
The product is overpriced for its quality. Thankfully this seems to be improving.,10/16/2025,pricing,PRI-032
Product durability is terrible now. Thankfully this seems to be improving.,8/14/2025,quality,QUA-012
Delivery delays are getting worse every week. Thankfully this seems to be improving.,9/26/2025,delivery,DEL-007
The subscription cost is no longer justified. This needs improvement.,11/27/2025,pricing,PRI-019
Recent discounts provided great value. Overall the experience was disappointing.,10/13/2025,pricing,PRI-010
Package arrived broken due to poor shipping. Recently this has become more noticeable.,9/5/2025,delivery,DEL-036
Pricing feels unfair and misleading.,11/24/2025,pricing,PRI-035
Support team was rude and dismissive. Compared to last month this feels worse.,9/16/2025,support,SUP-039
The item feels poorly manufactured. Compared to last month this feels worse.,8/20/2025,quality,QUA-005
The helpdesk ignored my issue completely.,9/18/2025,support,SUP-006
Delivery delays are getting worse every week. Thankfully this seems to be improving.,8/5/2025,delivery,DEL-011
Prices increased too much this month. I hope this gets fixed soon.,12/20/2025,pricing,PRI-004
No resolution was provided by support staff. This needs improvement.,8/5/2025,support,SUP-012
Support staff were professional and efficient. Overall the experience was disappointing.,10/21/2025,support,SUP-034
Quality issues are becoming common. Overall the experience was disappointing.,11/18/2025,quality,QUA-018
The product feels unreliable and fragile. Overall the experience was disappointing.,12/11/2025,quality,QUA-027
The product is overpriced for its quality. Recently this has become more noticeable.,9/12/2025,pricing,PRI-019
Shipping updates are now accurate and helpful. This needs improvement.,8/30/2025,delivery,DEL-018
Tracking system was inaccurate and confusing. Thankfully this seems to be improving.,9/16/2025,delivery,DEL-020
Delivery times are becoming a serious issue. I hope this gets fixed soon.,9/22/2025,delivery,DEL-025
No resolution was provided by support staff. Compared to last month this feels worse.,9/4/2025,support,SUP-024
Build quality feels premium again. Compared to last month this feels worse.,10/2/2025,quality,QUA-029
Delivery arrived earlier than expected. Thankfully this seems to be improving.,8/14/2025,delivery,DEL-031
Late delivery ruined the experience completely. Overall the experience was disappointing.,10/8/2025,delivery,DEL-006
The product is overpriced for its quality. Recently this has become more noticeable.,9/6/2025,pricing,PRI-004
The item feels poorly manufactured. Overall the experience was disappointing.,7/25/2025,quality,QUA-021
The helpdesk ignored my issue completely. This needs improvement.,7/13/2025,support,SUP-022
The product quality has improved noticeably. Recently this has become more noticeable.,9/9/2025,quality,QUA-029
Pricing finally feels more reasonable.,8/10/2025,pricing,PRI-016
The latest product version feels durable. I hope this gets fixed soon.,7/10/2025,quality,QUA-030
Shipping support gave no useful information. Compared to last month this feels worse.,8/13/2025,delivery,DEL-038
Quality control seems nonexistent recently. Thankfully this seems to be improving.,8/28/2025,quality,QUA-039
Customer support solved my issue quickly. Overall the experience was disappointing.,10/3/2025,support,SUP-024
The subscription cost is no longer justified. Overall the experience was disappointing.,12/7/2025,pricing,PRI-018
Recent updates improved delivery speed a lot. This needs improvement.,9/5/2025,delivery,DEL-012
Value for money has dropped significantly. Compared to last month this feels worse.,11/11/2025,pricing,PRI-039
Support experience keeps getting worse.,10/8/2025,support,SUP-034
Customer support solved my issue quickly. This needs improvement.,12/15/2025,support,SUP-006
Components failed after light usage.,9/29/2025,quality,QUA-020
Pricing feels unfair and misleading. This needs improvement.,10/25/2025,pricing,PRI-014
Build quality feels premium again. Overall the experience was disappointing.,10/7/2025,quality,QUA-022
Customer support never responded to my complaint. Thankfully this seems to be improving.,9/10/2025,support,SUP-004
Prices increased too much this month.,7/17/2025,pricing,PRI-013
Delivery delays are getting worse every week. Recently this has become more noticeable.,7/12/2025,delivery,DEL-031
Delivery times are becoming a serious issue.,12/17/2025,delivery,DEL-007
The subscription cost is no longer justified. I hope this gets fixed soon.,11/17/2025,pricing,PRI-025
Support staff were professional and efficient. Recently this has become more noticeable.,11/10/2025,support,SUP-012
The item feels poorly manufactured.,11/18/2025,quality,QUA-017
Value for money has dropped significantly. Compared to last month this feels worse.,7/22/2025,pricing,PRI-038
Pricing is competitive again. I hope this gets fixed soon.,8/26/2025,pricing,PRI-037
Material quality feels extremely cheap now. I hope this gets fixed soon.,12/6/2025,quality,QUA-008
Build quality feels premium again. Recently this has become more noticeable.,10/21/2025,quality,QUA-019
The product feels unreliable and fragile.,7/2/2025,quality,QUA-033
Recent pricing changes are disappointing.,11/15/2025,pricing,PRI-023
Material quality feels extremely cheap now.,11/5/2025,quality,QUA-039
Recent pricing changes are disappointing. This needs improvement.,9/14/2025,pricing,PRI-029
Customer service kept transferring my request. I hope this gets fixed soon.,12/11/2025,support,SUP-026
Shipping updates are now accurate and helpful. This needs improvement.,8/25/2025,delivery,DEL-029
Delivery delays are unacceptable now. Compared to last month this feels worse.,8/12/2025,delivery,DEL-039
Recent updates improved delivery speed a lot. Thankfully this seems to be improving.,11/25/2025,delivery,DEL-017
Material quality feels extremely cheap now. Compared to last month this feels worse.,8/5/2025,quality,QUA-001
Delivery experience was frustrating and unreliable. Overall the experience was disappointing.,12/4/2025,delivery,DEL-005
The device stopped working unexpectedly. Compared to last month this feels worse.,8/3/2025,quality,QUA-020
Package arrived broken due to poor shipping. Recently this has become more noticeable.,12/25/2025,delivery,DEL-020
Pricing finally feels more reasonable. Overall the experience was disappointing.,11/9/2025,pricing,PRI-002
Delivery delays are getting worse every week.,9/29/2025,delivery,DEL-036
Package arrived broken due to poor shipping. Thankfully this seems to be improving.,7/31/2025,delivery,DEL-016
Hidden fees are making this frustrating.,11/10/2025,pricing,PRI-008
Delivery experience was frustrating and unreliable. This needs improvement.,8/11/2025,delivery,DEL-019
Customer support solved my issue quickly. Recently this has become more noticeable.,11/30/2025,support,SUP-017
Delivery delays are getting worse every week. This needs improvement.,7/15/2025,delivery,DEL-019
Quality issues are becoming common. This needs improvement.,11/27/2025,quality,QUA-015
Pricing feels unfair and misleading. I hope this gets fixed soon.,9/7/2025,pricing,PRI-033
Quality issues are becoming common. Compared to last month this feels worse.,9/17/2025,quality,QUA-003
Delivery arrived earlier than expected. Thankfully this seems to be improving.,11/15/2025,delivery,DEL-012
Quality control seems nonexistent recently. Compared to last month this feels worse.,7/15/2025,quality,QUA-005
Shipping was delayed again without updates. I hope this gets fixed soon.,10/20/2025,delivery,DEL-028
Pricing is competitive again. Compared to last month this feels worse.,7/7/2025,pricing,PRI-020
Recent updates improved delivery speed a lot. Compared to last month this feels worse.,10/17/2025,delivery,DEL-033
Pricing strategy is hurting customer trust. Overall the experience was disappointing.,12/11/2025,pricing,PRI-024
No resolution was provided by support staff. This needs improvement.,11/29/2025,support,SUP-032
Support staff were professional and efficient. Overall the experience was disappointing.,10/5/2025,support,SUP-005
The latest product version feels durable. This needs improvement.,10/19/2025,quality,QUA-007
Package arrived broken due to poor shipping. I hope this gets fixed soon.,8/26/2025,delivery,DEL-040
No resolution was provided by support staff. This needs improvement.,7/7/2025,support,SUP-027
Material quality feels extremely cheap now. Thankfully this seems to be improving.,9/12/2025,quality,QUA-016
The product broke after only two days. Recently this has become more noticeable.,11/6/2025,quality,QUA-038
Delivery delays are unacceptable now. Overall the experience was disappointing.,7/10/2025,delivery,DEL-036
Package arrived broken due to poor shipping. Thankfully this seems to be improving.,11/25/2025,delivery,DEL-015
Tracking system was inaccurate and confusing. This needs improvement.,12/20/2025,delivery,DEL-008
Shipping support gave no useful information. Compared to last month this feels worse.,8/14/2025,delivery,DEL-003
Build quality has declined badly. Thankfully this seems to be improving.,11/7/2025,quality,QUA-030
Product durability is terrible now.,9/15/2025,quality,QUA-003
Delivery delays are unacceptable now. Overall the experience was disappointing.,10/15/2025,delivery,DEL-021
Pricing feels unfair and misleading. Overall the experience was disappointing.,7/13/2025,pricing,PRI-007
Support team was rude and dismissive. Thankfully this seems to be improving.,7/12/2025,support,SUP-020
Product durability is terrible now. Recently this has become more noticeable.,10/10/2025,quality,QUA-021
Customer service kept transferring my request. This needs improvement.,10/22/2025,support,SUP-021
Quality control seems nonexistent recently. Compared to last month this feels worse.,12/24/2025,quality,QUA-019
Shipping updates are now accurate and helpful. I hope this gets fixed soon.,8/20/2025,delivery,DEL-029
Material quality feels extremely cheap now. Overall the experience was disappointing.,8/8/2025,quality,QUA-010
Shipping support gave no useful information. Compared to last month this feels worse.,8/18/2025,delivery,DEL-004
Product durability is terrible now. I hope this gets fixed soon.,12/6/2025,quality,QUA-039
The product quality has improved noticeably. Overall the experience was disappointing.,7/5/2025,quality,QUA-001
Customer service was frustrating to deal with. Compared to last month this feels worse.,8/15/2025,support,SUP-021
Customer support solved my issue quickly. Recently this has become more noticeable.,12/18/2025,support,SUP-007
Quality control seems nonexistent recently. Recently this has become more noticeable.,10/7/2025,quality,QUA-031
Shipping updates are now accurate and helpful. This needs improvement.,7/31/2025,delivery,DEL-028
Shipping support gave no useful information. Recently this has become more noticeable.,7/22/2025,delivery,DEL-016
Customer service quality is unacceptable. I hope this gets fixed soon.,8/8/2025,support,SUP-011
Tracking system was inaccurate and confusing. Thankfully this seems to be improving.,9/17/2025,delivery,DEL-016
The product feels unreliable and fragile. Thankfully this seems to be improving.,7/5/2025,quality,QUA-016
Customer service was frustrating to deal with. Recently this has become more noticeable.,9/16/2025,support,SUP-001
Recent updates improved delivery speed a lot. Recently this has become more noticeable.,9/19/2025,delivery,DEL-008
Material quality feels extremely cheap now. Overall the experience was disappointing.,7/14/2025,quality,QUA-038
No resolution was provided by support staff. Recently this has become more noticeable.,10/13/2025,support,SUP-032
Package arrived damaged and very late. I hope this gets fixed soon.,7/26/2025,delivery,DEL-019
Pricing finally feels more reasonable. Compared to last month this feels worse.,12/12/2025,pricing,PRI-025
The discounts disappeared and costs are higher. This needs improvement.,7/27/2025,pricing,PRI-037
The product is overpriced for its quality.,9/5/2025,pricing,PRI-012
Components failed after light usage. I hope this gets fixed soon.,12/14/2025,quality,QUA-023
Support team was rude and dismissive. Overall the experience was disappointing.,9/27/2025,support,SUP-038
Prices increased too much this month. I hope this gets fixed soon.,10/25/2025,pricing,PRI-001
Delivery delays are unacceptable now. Recently this has become more noticeable.,12/9/2025,delivery,DEL-015
Shipping was delayed again without updates. Overall the experience was disappointing.,10/25/2025,delivery,DEL-001
The helpdesk ignored my issue completely. Compared to last month this feels worse.,10/2/2025,support,SUP-026
Shipping support gave no useful information. Overall the experience was disappointing.,10/15/2025,delivery,DEL-036
Customer service was frustrating to deal with. Recently this has become more noticeable.,9/17/2025,support,SUP-027
Pricing strategy is hurting customer trust. Thankfully this seems to be improving.,11/5/2025,pricing,PRI-029
Product durability is terrible now. This needs improvement.,7/5/2025,quality,QUA-023
The product broke after only two days. This needs improvement.,12/5/2025,quality,QUA-013
The product broke after only two days. This needs improvement.,8/21/2025,quality,QUA-003
Delivery delays are unacceptable now. Thankfully this seems to be improving.,10/24/2025,delivery,DEL-036
Recent pricing changes are disappointing. This needs improvement.,10/7/2025,pricing,PRI-032
The product is overpriced for its quality. This needs improvement.,9/15/2025,pricing,PRI-038
Shipping support gave no useful information. Recently this has become more noticeable.,12/14/2025,delivery,DEL-035
Delivery delays are getting worse every week.,8/26/2025,delivery,DEL-009
Customer service was frustrating to deal with. I hope this gets fixed soon.,10/18/2025,support,SUP-030
Customer support never responded to my complaint. Thankfully this seems to be improving.,9/13/2025,support,SUP-024
Build quality has declined badly.,8/12/2025,quality,QUA-028
Pricing feels unfair and misleading. Thankfully this seems to be improving.,7/20/2025,pricing,PRI-037
Too expensive compared to competitors now. This needs improvement.,8/6/2025,pricing,PRI-034
Late delivery ruined the experience completely. Compared to last month this feels worse.,12/16/2025,delivery,DEL-012
Components failed after light usage. This needs improvement.,11/26/2025,quality,QUA-001
Delivery delays are unacceptable now. I hope this gets fixed soon.,8/18/2025,delivery,DEL-017
Customer service kept transferring my request. Compared to last month this feels worse.,7/1/2025,support,SUP-037
No resolution was provided by support staff. This needs improvement.,11/11/2025,support,SUP-034
Shipping support gave no useful information.,7/20/2025,delivery,DEL-004
The subscription cost is no longer justified.,7/21/2025,pricing,PRI-021
Support staff were professional and efficient. Thankfully this seems to be improving.,9/13/2025,support,SUP-003
Support experience keeps getting worse. Recently this has become more noticeable.,11/24/2025,support,SUP-037
Recent updates improved delivery speed a lot. This needs improvement.,12/11/2025,delivery,DEL-033
Support agents lacked product knowledge. Recently this has become more noticeable.,12/12/2025,support,SUP-034
Support team was rude and dismissive. Thankfully this seems to be improving.,10/23/2025,support,SUP-012
The subscription cost is no longer justified. Compared to last month this feels worse.,7/27/2025,pricing,PRI-011
Delivery delays are unacceptable now. I hope this gets fixed soon.,11/22/2025,delivery,DEL-002
Delivery delays are unacceptable now. Overall the experience was disappointing.,11/30/2025,delivery,DEL-030
The product quality has improved noticeably. This needs improvement.,12/22/2025,quality,QUA-009
Delivery times are becoming a serious issue.,8/30/2025,delivery,DEL-019
The item feels poorly manufactured. Thankfully this seems to be improving.,9/27/2025,quality,QUA-010
Delivery delays are getting worse every week. Overall the experience was disappointing.,7/13/2025,delivery,DEL-011
Material quality feels extremely cheap now. This needs improvement.,8/27/2025,quality,QUA-002
Pricing strategy is hurting customer trust. Compared to last month this feels worse.,11/27/2025,pricing,PRI-036
Support team was rude and dismissive.,8/17/2025,support,SUP-032
Customer service experience was excellent.,11/23/2025,support,SUP-023
Delivery delays are unacceptable now. Thankfully this seems to be improving.,10/29/2025,delivery,DEL-003
The discounts disappeared and costs are higher. I hope this gets fixed soon.,8/31/2025,pricing,PRI-037
Customer service experience was excellent. This needs improvement.,9/21/2025,support,SUP-019
Pricing is competitive again. Thankfully this seems to be improving.,10/16/2025,pricing,PRI-017
Quality issues are becoming common. Thankfully this seems to be improving.,11/13/2025,quality,QUA-011
Build quality feels premium again. I hope this gets fixed soon.,9/15/2025,quality,QUA-031
The helpdesk ignored my issue completely. Thankfully this seems to be improving.,12/28/2025,support,SUP-005
The latest product version feels durable. I hope this gets fixed soon.,12/26/2025,quality,QUA-002
Pricing finally feels more reasonable. Recently this has become more noticeable.,12/14/2025,pricing,PRI-012
The latest product version feels durable. I hope this gets fixed soon.,12/18/2025,quality,QUA-014
Shipping support gave no useful information. I hope this gets fixed soon.,11/10/2025,delivery,DEL-037
Build quality has declined badly. Thankfully this seems to be improving.,10/13/2025,quality,QUA-007
Recent updates improved delivery speed a lot. Thankfully this seems to be improving.,8/30/2025,delivery,DEL-026
Build quality feels premium again. Overall the experience was disappointing.,8/12/2025,quality,QUA-027
The discounts disappeared and costs are higher. This needs improvement.,9/29/2025,pricing,PRI-014
Product durability is terrible now.,11/4/2025,quality,QUA-021
Support experience keeps getting worse. Thankfully this seems to be improving.,12/24/2025,support,SUP-013
Support experience keeps getting worse. This needs improvement.,11/21/2025,support,SUP-018
Prices increased too much this month. Thankfully this seems to be improving.,12/14/2025,pricing,PRI-022
Material quality feels extremely cheap now. Compared to last month this feels worse.,8/29/2025,quality,QUA-017
Delivery experience was frustrating and unreliable. Thankfully this seems to be improving.,9/22/2025,delivery,DEL-010
Support team was rude and dismissive. This needs improvement.,10/15/2025,support,SUP-022
Customer service quality is unacceptable. Recently this has become more noticeable.,11/4/2025,support,SUP-035
Support response time is painfully slow. Recently this has become more noticeable.,11/15/2025,support,SUP-029
Pricing feels unfair and misleading. Compared to last month this feels worse.,12/14/2025,pricing,PRI-020
The product quality has improved noticeably. I hope this gets fixed soon.,12/12/2025,quality,QUA-040
The product is overpriced for its quality. Thankfully this seems to be improving.,12/16/2025,pricing,PRI-025
Build quality feels premium again. Overall the experience was disappointing.,7/22/2025,quality,QUA-035
Support team was rude and dismissive. Overall the experience was disappointing.,7/30/2025,support,SUP-030
Customer support solved my issue quickly. Overall the experience was disappointing.,7/18/2025,support,SUP-006
The subscription cost is no longer justified. This needs improvement.,8/5/2025,pricing,PRI-025
Late delivery ruined the experience completely. This needs improvement.,10/15/2025,delivery,DEL-012
Delivery delays are getting worse every week. Compared to last month this feels worse.,8/5/2025,delivery,DEL-001
The product is overpriced for its quality. Overall the experience was disappointing.,7/14/2025,pricing,PRI-037
Components failed after light usage. This needs improvement.,11/5/2025,quality,QUA-002
Customer service was frustrating to deal with. I hope this gets fixed soon.,7/14/2025,support,SUP-040
No resolution was provided by support staff.,7/9/2025,support,SUP-019
The helpdesk ignored my issue completely. This needs improvement.,10/27/2025,support,SUP-033
Hidden fees are making this frustrating. Compared to last month this feels worse.,9/30/2025,pricing,PRI-004
Recent pricing changes are disappointing. Compared to last month this feels worse.,11/4/2025,pricing,PRI-019
Components failed after light usage. Thankfully this seems to be improving.,7/5/2025,quality,QUA-006
Pricing finally feels more reasonable.,10/24/2025,pricing,PRI-024
Delivery arrived earlier than expected.,9/24/2025,delivery,DEL-028
Prices increased too much this month. Thankfully this seems to be improving.,10/3/2025,pricing,PRI-028
Customer support solved my issue quickly. Compared to last month this feels worse.,8/6/2025,support,SUP-005
Support experience keeps getting worse. Compared to last month this feels worse.,12/6/2025,support,SUP-025
Support response time is painfully slow. Overall the experience was disappointing.,12/26/2025,support,SUP-036
The latest product version feels durable. Recently this has become more noticeable.,7/24/2025,quality,QUA-022
Recent pricing changes are disappointing. I hope this gets fixed soon.,7/1/2025,pricing,PRI-020
Material quality feels extremely cheap now. Thankfully this seems to be improving.,10/29/2025,quality,QUA-021
Too expensive compared to competitors now. I hope this gets fixed soon.,10/15/2025,pricing,PRI-012
Customer service kept transferring my request. Compared to last month this feels worse.,7/27/2025,support,SUP-035
Support team was rude and dismissive. Overall the experience was disappointing.,11/29/2025,support,SUP-031
The discounts disappeared and costs are higher. Thankfully this seems to be improving.,7/16/2025,pricing,PRI-019
Support staff were professional and efficient. I hope this gets fixed soon.,12/28/2025,support,SUP-014
Customer support solved my issue quickly. This needs improvement.,8/11/2025,support,SUP-029
The item feels poorly manufactured.,8/18/2025,quality,QUA-034
Delivery times are becoming a serious issue. This needs improvement.,11/3/2025,delivery,DEL-002
Customer service kept transferring my request. This needs improvement.,9/10/2025,support,SUP-029
Customer support never responded to my complaint. Compared to last month this feels worse.,9/25/2025,support,SUP-019
Hidden fees are making this frustrating. I hope this gets fixed soon.,10/3/2025,pricing,PRI-030
Too expensive compared to competitors now. Thankfully this seems to be improving.,8/10/2025,pricing,PRI-032
Pricing finally feels more reasonable. Compared to last month this feels worse.,8/30/2025,pricing,PRI-029
No resolution was provided by support staff. This needs improvement.,9/17/2025,support,SUP-015
Package arrived broken due to poor shipping. Overall the experience was disappointing.,12/9/2025,delivery,DEL-020
Customer service quality is unacceptable. Thankfully this seems to be improving.,8/10/2025,support,SUP-032
Pricing feels unfair and misleading. This needs improvement.,11/9/2025,pricing,PRI-032
Customer service was frustrating to deal with. I hope this gets fixed soon.,10/30/2025,support,SUP-033
Customer support never responded to my complaint. I hope this gets fixed soon.,12/6/2025,support,SUP-040
Pricing finally feels more reasonable. Overall the experience was disappointing.,12/24/2025,pricing,PRI-017
Support team was rude and dismissive. Overall the experience was disappointing.,9/10/2025,support,SUP-030
Too expensive compared to competitors now. Thankfully this seems to be improving.,11/9/2025,pricing,PRI-008
Material quality feels extremely cheap now. Thankfully this seems to be improving.,12/6/2025,quality,QUA-019
Recent updates improved delivery speed a lot. I hope this gets fixed soon.,11/25/2025,delivery,DEL-016
Customer service experience was excellent. I hope this gets fixed soon.,8/22/2025,support,SUP-005
Too expensive compared to competitors now.,8/19/2025,pricing,PRI-021
Support response time is painfully slow. Thankfully this seems to be improving.,8/19/2025,support,SUP-009
Support staff were professional and efficient. I hope this gets fixed soon.,7/31/2025,support,SUP-025
The item feels poorly manufactured.,12/28/2025,quality,QUA-014
Tracking system was inaccurate and confusing. I hope this gets fixed soon.,12/5/2025,delivery,DEL-031
Pricing finally feels more reasonable. Thankfully this seems to be improving.,12/22/2025,pricing,PRI-017
Delivery delays are getting worse every week. Overall the experience was disappointing.,8/7/2025,delivery,DEL-004
Pricing feels unfair and misleading. Overall the experience was disappointing.,12/12/2025,pricing,PRI-035
No resolution was provided by support staff.,9/6/2025,support,SUP-029
Delivery experience was frustrating and unreliable. Overall the experience was disappointing.,11/24/2025,delivery,DEL-023
Customer service was frustrating to deal with. This needs improvement.,10/14/2025,support,SUP-003
Hidden fees are making this frustrating. Compared to last month this feels worse.,11/30/2025,pricing,PRI-039
The device stopped working unexpectedly. I hope this gets fixed soon.,9/21/2025,quality,QUA-019
The device stopped working unexpectedly. Overall the experience was disappointing.,9/7/2025,quality,QUA-021
The helpdesk ignored my issue completely. Thankfully this seems to be improving.,8/6/2025,support,SUP-005
Product durability is terrible now. I hope this gets fixed soon.,11/6/2025,quality,QUA-021
No resolution was provided by support staff.,8/28/2025,support,SUP-025
Support staff were professional and efficient.,11/27/2025,support,SUP-031
The item feels poorly manufactured. Overall the experience was disappointing.,7/20/2025,quality,QUA-006
Quality issues are becoming common. This needs improvement.,7/23/2025,quality,QUA-026
Delivery delays are unacceptable now. This needs improvement.,10/25/2025,delivery,DEL-019
Quality control seems nonexistent recently. Compared to last month this feels worse.,11/26/2025,quality,QUA-037
Delivery experience was frustrating and unreliable. Recently this has become more noticeable.,7/31/2025,delivery,DEL-031
Recent discounts provided great value. Overall the experience was disappointing.,12/2/2025,pricing,PRI-006
Pricing finally feels more reasonable. Thankfully this seems to be improving.,12/25/2025,pricing,PRI-001
Customer service kept transferring my request. Thankfully this seems to be improving.,11/16/2025,support,SUP-024
The item feels poorly manufactured. Compared to last month this feels worse.,10/26/2025,quality,QUA-010
Recent updates improved delivery speed a lot.,9/8/2025,delivery,DEL-029
Hidden fees are making this frustrating.,7/28/2025,pricing,PRI-028
Components failed after light usage. I hope this gets fixed soon.,8/31/2025,quality,QUA-031
Customer service kept transferring my request. I hope this gets fixed soon.,9/3/2025,support,SUP-012
Hidden fees are making this frustrating. I hope this gets fixed soon.,8/22/2025,pricing,PRI-030
Value for money has dropped significantly.,10/28/2025,pricing,PRI-020
Prices increased too much this month.,8/31/2025,pricing,PRI-027
The latest product version feels durable. I hope this gets fixed soon.,7/9/2025,quality,QUA-012
Shipping was delayed again without updates.,8/30/2025,delivery,DEL-024
The product quality has improved noticeably. This needs improvement.,10/31/2025,quality,QUA-014
Delivery times are becoming a serious issue. I hope this gets fixed soon.,11/7/2025,delivery,DEL-025
Support agents lacked product knowledge. This needs improvement.,12/23/2025,support,SUP-006
Material quality feels extremely cheap now. Recently this has become more noticeable.,12/10/2025,quality,QUA-002
Package arrived broken due to poor shipping. Recently this has become more noticeable.,8/19/2025,delivery,DEL-025
The item feels poorly manufactured. I hope this gets fixed soon.,11/17/2025,quality,QUA-039
Components failed after light usage. Recently this has become more noticeable.,7/22/2025,quality,QUA-037
Delivery experience was frustrating and unreliable. This needs improvement.,12/3/2025,delivery,DEL-020
Shipping updates are now accurate and helpful. Overall the experience was disappointing.,7/1/2025,delivery,DEL-034
The helpdesk ignored my issue completely.,12/12/2025,support,SUP-031
Support response time is painfully slow. Thankfully this seems to be improving.,8/11/2025,support,SUP-012
Value for money has dropped significantly. I hope this gets fixed soon.,12/15/2025,pricing,PRI-031
Quality control seems nonexistent recently. Compared to last month this feels worse.,9/25/2025,quality,QUA-015
Components failed after light usage. Recently this has become more noticeable.,10/25/2025,quality,QUA-036
Quality issues are becoming common.,7/12/2025,quality,QUA-003
Quality control seems nonexistent recently. Thankfully this seems to be improving.,9/2/2025,quality,QUA-018
Pricing feels unfair and misleading. Recently this has become more noticeable.,12/8/2025,pricing,PRI-032
Delivery experience was frustrating and unreliable. I hope this gets fixed soon.,9/19/2025,delivery,DEL-014
Shipping updates are now accurate and helpful. Thankfully this seems to be improving.,7/27/2025,delivery,DEL-007
Support experience keeps getting worse. This needs improvement.,8/3/2025,support,SUP-023
Too expensive compared to competitors now. Overall the experience was disappointing.,11/26/2025,pricing,PRI-039
Quality control seems nonexistent recently. Recently this has become more noticeable.,8/1/2025,quality,QUA-030
Shipping was delayed again without updates. Recently this has become more noticeable.,8/21/2025,delivery,DEL-004
Customer service kept transferring my request. This needs improvement.,8/27/2025,support,SUP-023
Pricing finally feels more reasonable. Overall the experience was disappointing.,9/22/2025,pricing,PRI-026
